Store,Date,Holiday,Weekly_Sales,Store Area,Items Available,Avg Daily Customer Count,Location
1,2022-02-06,,11505836.3,60000,55175,11027,"New York, NY"
1,2022-02-13,Presidents' Day,11493702.08,60000,58394,11648,"New York, NY"
1,2022-02-20,,11283777.19,60000,57172,11196,"New York, NY"
1,2022-02-27,,9868093.13,60000,56427,9657,"New York, NY"
1,2022-03-06,,10883646.76,60000,53954,10197,"New York, NY"
1,2022-03-13,,10076791.13,60000,53954,9441,"New York, NY"
1,2022-03-20,,10307610.53,60000,53407,9556,"New York, NY"
1,2022-03-27,,9831009.44,60000,57922,9880,"New York, NY"
1,2022-04-03,,11164777.96,60000,56440,10940,"New York, NY"
1,2022-04-10,,10817929.71,60000,57038,10710,"New York, NY"
1,2022-04-17,,10262407.96,60000,53198,9482,"New York, NY"
1,2022-04-24,,9738792.84,60000,58501,9887,"New York, NY"
1,2022-05-01,,9975704.97,60000,57733,9995,"New York, NY"
1,2022-05-08,,11227685.84,60000,54269,10582,"New York, NY"
1,2022-05-15,,10459760.5,60000,54099,9826,"New York, NY"
1,2022-05-22,,9797634.49,60000,54107,9205,"New York, NY"
1,2022-05-29,Memorial Day,10024489.65,60000,54783,9536,"New York, NY"
1,2022-06-05,,11308672.97,60000,56014,10994,"New York, NY"
1,2022-06-12,,10797927.63,60000,55496,10407,"New York, NY"
1,2022-06-19,,10522988.42,60000,54710,9995,"New York, NY"
1,2022-06-26,,9958981.2,60000,56500,9765,"New York, NY"
1,2022-07-03,Independence Day,10446926.98,60000,53862,9765,"New York, NY"
1,2022-07-10,,10822519.26,60000,54715,10278,"New York, NY"
1,2022-07-17,,10142572.44,60000,55130,9711,"New York, NY"
1,2022-07-24,,9695456.4,60000,55631,9360,"New York, NY"
1,2022-07-31,,9603906.2,60000,57469,9576,"New York, NY"
1,2022-08-07,,11238442.46,60000,54198,10575,"New York, NY"
1,2022-08-14,,10557664.32,60000,55955,10251,"New York, NY"
1,2022-08-21,,10591563.43,60000,56392,10366,"New York, NY"
1,2022-08-28,,10144000.44,60000,53342,9394,"New York, NY"
1,2022-09-04,Labor Day,10781144.71,60000,56476,10562,"New York, NY"
1,2022-09-11,,10552224.83,60000,54036,9907,"New York, NY"
1,2022-09-18,,10012650.69,60000,53446,9293,"New York, NY"
1,2022-09-25,,9462537.21,60000,58384,9590,"New York, NY"
1,2022-10-02,,10173306.5,60000,58477,10326,"New York, NY"
1,2022-10-09,Columbus Day,10557679.51,60000,57599,10548,"New York, NY"
1,2022-10-16,,10215863.7,60000,54785,9718,"New York, NY"
1,2022-10-23,,9418178.0,60000,53628,8773,"New York, NY"
1,2022-10-30,,9689464.54,60000,56905,9570,"New York, NY"
1,2022-11-06,Veterans Day,10861614.96,60000,55542,10474,"New York, NY"
1,2022-11-13,,10461356.43,60000,53765,9772,"New York, NY"
1,2022-11-20,"Thanksgiving Day, Black Friday",13886489.26,60000,55850,13471,"New York, NY"
1,2022-11-27,Cyber Monday,13689368.77,60000,53275,12661,"New York, NY"
1,2022-12-04,,10836236.46,60000,58163,10933,"New York, NY"
1,2022-12-11,,11778299.82,60000,54529,11156,"New York, NY"
1,2022-12-18,,13237244.51,60000,56784,13039,"New York, NY"
1,2022-12-25,Christmas Day,16715650.14,60000,54824,15907,"New York, NY"
1,2023-01-01,New Year's Day,9571240.07,60000,55988,9300,"New York, NY"
1,2023-01-08,,12021290.322191281,60000,56136,9846,"New York, NY"
1,2023-01-15,Martin Luther King Jr. Day,11711344.293688146,60000,54116,9145,"New York, NY"
1,2023-01-22,,10234001.522506302,60000,58499,9428,"New York, NY"
1,2023-01-29,,11025104.845561584,60000,57413,9185,"New York, NY"
1,2023-02-05,,13309992.170370864,60000,58331,11385,"New York, NY"
1,2023-02-12,,13755664.32087373,60000,58082,11642,"New York, NY"
1,2023-02-19,Presidents' Day,15215432.35559705,60000,56423,11561,"New York, NY"
1,2023-02-26,,13155780.548826281,60000,58233,10305,"New York, NY"
1,2023-03-05,,12971949.988653831,60000,53577,10656,"New York, NY"
1,2023-03-12,,12513276.169600448,60000,54178,10231,"New York, NY"
1,2023-03-19,,13915341.20450486,60000,53335,10218,"New York, NY"
1,2023-03-26,,12478553.029714685,60000,54901,10278,"New York, NY"
1,2023-04-02,,11974538.897420643,60000,55254,10042,"New York, NY"
1,2023-04-09,,12826222.621989734,60000,54599,10710,"New York, NY"
1,2023-04-16,,12598999.599284653,60000,57712,10933,"New York, NY"
1,2023-04-23,,12345331.757502403,60000,55076,10474,"New York, NY"
1,2023-04-30,,12596905.256122816,60000,54652,9664,"New York, NY"
1,2023-05-07,,13988795.25881009,60000,56114,11102,"New York, NY"
1,2023-05-14,,13261877.104654897,60000,53870,10508,"New York, NY"
1,2023-05-21,,11306462.249431964,60000,57564,9988,"New York, NY"
1,2023-05-28,Memorial Day,12400416.553033669,60000,53499,9536,"New York, NY"
1,2023-06-04,,13622136.532580204,60000,58596,11642,"New York, NY"
1,2023-06-11,,12377405.90494539,60000,57397,11081,"New York, NY"
1,2023-06-18,,12952581.208503947,60000,54193,10089,"New York, NY"
1,2023-06-25,,12325655.06474991,60000,53114,9293,"New York, NY"
1,2023-07-02,Independence Day,13203723.508992368,60000,57638,10427,"New York, NY"
1,2023-07-09,,11881564.211936638,60000,57031,10629,"New York, NY"
1,2023-07-16,,11482688.19818458,60000,57155,10103,"New York, NY"
1,2023-07-23,,11718141.971305741,60000,57391,9738,"New York, NY"
1,2023-07-30,,11849641.249061028,60000,53496,8794,"New York, NY"
1,2023-08-06,,13504387.305742662,60000,55086,10872,"New York, NY"
1,2023-08-13,,12158729.209872713,60000,53730,9961,"New York, NY"
1,2023-08-20,,13618200.698620852,60000,57904,10764,"New York, NY"
1,2023-08-27,,11408538.179464994,60000,56564,10069,"New York, NY"
1,2023-09-03,Labor Day,13287859.228439115,60000,54932,10353,"New York, NY"
1,2023-09-10,,12535679.996120583,60000,53438,10008,"New York, NY"
1,2023-09-17,,13597011.485411737,60000,54820,10089,"New York, NY"
1,2023-09-24,,12072314.972123343,60000,54900,9205,"New York, NY"
1,2023-10-01,,11550332.387582745,60000,57158,9684,"New York, NY"
1,2023-10-08,Columbus Day,13458528.621778565,60000,56644,11223,"New York, NY"
1,2023-10-15,,11775033.479615001,60000,58039,10535,"New York, NY"
1,2023-10-22,,11707623.115492113,60000,55721,10177,"New York, NY"
1,2023-10-29,,12821518.560588691,60000,53751,9441,"New York, NY"
1,2023-11-05,Veterans Day,14134136.679482006,60000,57067,11763,"New York, NY"
1,2023-11-12,,13609195.375226866,60000,57333,11108,"New York, NY"
1,2023-11-19,"Thanksgiving Day, Black Friday",20664971.90137735,60000,56218,17345,"New York, NY"
1,2023-11-26,Cyber Monday,16637936.5350159,60000,57390,14179,"New York, NY"
1,2023-12-03,,13338304.422629768,60000,55842,10758,"New York, NY"
1,2023-12-10,,15264610.456010185,60000,56003,12249,"New York, NY"
1,2023-12-17,,15562335.018919192,60000,55472,12688,"New York, NY"
1,2023-12-24,Christmas Day,19090665.388007116,60000,53225,14685,"New York, NY"
1,2023-12-31,New Year's Day,12445892.71335939,60000,53686,9772,"New York, NY"
1,2024-01-07,,12083015.037518015,60000,53258,10035,"New York, NY"
1,2024-01-14,Martin Luther King Jr. Day,11241456.549005356,60000,56638,10042,"New York, NY"
1,2024-01-21,,11072597.21106295,60000,54839,9293,"New York, NY"
1,2024-01-28,,10737789.03044582,60000,55923,8962,"New York, NY"
2,2022-02-06,,14958926.22,42676,41362,17675,"Los Angeles, CA"
2,2022-02-13,Presidents' Day,14964666.5,42676,38747,16577,"Los Angeles, CA"
2,2022-02-20,,14871160.78,42676,39387,16735,"Los Angeles, CA"
2,2022-02-27,,13055680.89,42676,40758,15194,"Los Angeles, CA"
2,2022-03-06,,13937091.91,42676,38666,15399,"Los Angeles, CA"
2,2022-03-13,,13933386.46,42676,38062,15154,"Los Angeles, CA"
2,2022-03-20,,13622496.16,42676,38908,15147,"Los Angeles, CA"
2,2022-03-27,,12251384.67,42676,38397,13448,"Los Angeles, CA"
2,2022-04-03,,14463314.04,42676,41450,17130,"Los Angeles, CA"
2,2022-04-10,,13682824.47,42676,40967,16008,"Los Angeles, CA"
2,2022-04-17,,13124705.58,42676,40273,15099,"Los Angeles, CA"
2,2022-04-24,,12753936.51,42676,41219,15020,"Los Angeles, CA"
2,2022-05-01,,12617152.03,42676,40949,14759,"Los Angeles, CA"
2,2022-05-08,,14298071.97,42676,38498,15731,"Los Angeles, CA"
2,2022-05-15,,13165266.52,42676,41303,15534,"Los Angeles, CA"
2,2022-05-22,,13278559.7,42676,39899,15131,"Los Angeles, CA"
2,2022-05-29,Memorial Day,13699797.23,42676,40964,16031,"Los Angeles, CA"
2,2022-06-05,,14717779.51,42676,41317,17367,"Los Angeles, CA"
2,2022-06-12,,14178771.32,42676,39020,15810,"Los Angeles, CA"
2,2022-06-19,,14011458.72,42676,38194,15297,"Los Angeles, CA"
2,2022-06-26,,13579489.63,42676,38662,15004,"Los Angeles, CA"
2,2022-07-03,Independence Day,14027584.48,42676,39454,15818,"Los Angeles, CA"
2,2022-07-10,,13166318.34,42676,41006,15423,"Los Angeles, CA"
2,2022-07-17,,12921158.53,42676,41176,15194,"Los Angeles, CA"
2,2022-07-24,,12472023.97,42676,37784,13464,"Los Angeles, CA"
2,2022-07-31,,12629723.12,42676,39785,14348,"Los Angeles, CA"
2,2022-08-07,,13943369.86,42676,39415,15708,"Los Angeles, CA"
2,2022-08-14,,13269207.35,42676,38639,14657,"Los Angeles, CA"
2,2022-08-21,,13750346.61,42676,38233,15020,"Los Angeles, CA"
2,2022-08-28,,13046883.43,42676,39098,14578,"Los Angeles, CA"
2,2022-09-04,Labor Day,13332256.63,42676,41503,15802,"Los Angeles, CA"
2,2022-09-11,,12873901.81,42676,39041,14364,"Los Angeles, CA"
2,2022-09-18,,12557325.2,42676,39817,14285,"Los Angeles, CA"
2,2022-09-25,,12071900.54,42676,40549,13985,"Los Angeles, CA"
2,2022-10-02,,12792083.01,42676,39202,14325,"Los Angeles, CA"
2,2022-10-09,Columbus Day,12949450.08,42676,41618,15391,"Los Angeles, CA"
2,2022-10-16,,12560488.43,42676,41580,14917,"Los Angeles, CA"
2,2022-10-23,,12165633.48,42676,38757,13471,"Los Angeles, CA"
2,2022-10-30,,12619285.77,42676,39733,14333,"Los Angeles, CA"
2,2022-11-06,Veterans Day,13573429.87,42676,38952,15115,"Los Angeles, CA"
2,2022-11-13,,13417689.18,42676,38888,14909,"Los Angeles, CA"
2,2022-11-20,"Thanksgiving Day, Black Friday",20697174.19,42676,37903,22424,"Los Angeles, CA"
2,2022-11-27,Cyber Monday,18611077.03,42676,40178,21365,"Los Angeles, CA"
2,2022-12-04,,14110468.89,42676,39753,16024,"Los Angeles, CA"
2,2022-12-11,,16651085.85,42676,37961,18062,"Los Angeles, CA"
2,2022-12-18,,18264167.25,42676,38864,20282,"Los Angeles, CA"
2,2022-12-25,Christmas Day,24052053.76,42676,41365,28429,"Los Angeles, CA"
2,2023-01-01,New Year's Day,12253041.85,42676,38708,13558,"Los Angeles, CA"
2,2023-01-08,,12306355.53,42676,38332,13487,"Los Angeles, CA"
2,2023-01-15,Martin Luther King Jr. Day,12209355.06,42676,39702,13859,"Los Angeles, CA"
2,2023-01-22,,12259694.3,42676,41673,14593,"Los Angeles, CA"
2,2023-01-29,,11867601.76,42676,38718,13132,"Los Angeles, CA"
2,2023-02-05,,13505423.61,42676,40427,15597,"Los Angeles, CA"
2,2023-02-12,,15176291.27,42676,40782,17683,"Los Angeles, CA"
2,2023-02-19,Presidents' Day,14566193.74,42676,38701,16111,"Los Angeles, CA"
2,2023-02-26,,12834577.56,42676,40650,14909,"Los Angeles, CA"
2,2023-03-05,,13871254.46,42676,39218,15550,"Los Angeles, CA"
2,2023-03-12,,13153751.17,42676,40268,15131,"Los Angeles, CA"
2,2023-03-19,,13317903.62,42676,40273,15320,"Los Angeles, CA"
2,2023-03-26,,12363134.35,42676,39885,14088,"Los Angeles, CA"
2,2023-04-02,,12601199.52,42676,38115,13724,"Los Angeles, CA"
2,2023-04-09,,12932868.27,42676,41075,15178,"Los Angeles, CA"
2,2023-04-16,,12995274.88,42676,39031,14499,"Los Angeles, CA"
2,2023-04-23,,13204377.2,42676,38498,14530,"Los Angeles, CA"
2,2023-04-30,,12218816.96,42676,37918,13242,"Los Angeles, CA"
2,2023-05-07,,12864205.2,42676,40104,14736,"Los Angeles, CA"
2,2023-05-14,,12869591.49,42676,40448,14870,"Los Angeles, CA"
2,2023-05-21,,11817973.02,42676,37822,12768,"Los Angeles, CA"
2,2023-05-28,Memorial Day,12584127.92,42676,39791,14309,"Los Angeles, CA"
2,2023-06-04,,13536293.47,42676,38657,14949,"Los Angeles, CA"
2,2023-06-11,,13504072.12,42676,40319,15557,"Los Angeles, CA"
2,2023-06-18,,13676403.93,42676,38449,15028,"Los Angeles, CA"
2,2023-06-25,,12536480.6,42676,40501,14507,"Los Angeles, CA"
2,2023-07-02,Independence Day,13063701.0,42676,39293,14672,"Los Angeles, CA"
2,2023-07-09,,12972133.93,42676,41478,15368,"Los Angeles, CA"
2,2023-07-16,,12496311.03,42676,38303,13677,"Los Angeles, CA"
2,2023-07-23,,12206714.87,42676,39112,13645,"Los Angeles, CA"
2,2023-07-30,,11764851.42,42676,38207,12847,"Los Angeles, CA"
2,2023-08-06,,13136929.82,42676,41430,15550,"Los Angeles, CA"
2,2023-08-13,,12689377.82,42676,41242,14949,"Los Angeles, CA"
2,2023-08-20,,12908662.13,42676,38781,14309,"Los Angeles, CA"
2,2023-08-27,,12747979.37,42676,40378,14704,"Los Angeles, CA"
2,2023-09-03,Labor Day,12663837.9,42676,41003,14830,"Los Angeles, CA"
2,2023-09-10,,12236004.55,42676,39962,13969,"Los Angeles, CA"
2,2023-09-17,,11840076.64,42676,39860,13487,"Los Angeles, CA"
2,2023-09-24,,11685098.46,42676,38718,12926,"Los Angeles, CA"
2,2023-10-01,,11552761.08,42676,38126,12586,"Los Angeles, CA"
2,2023-10-08,Columbus Day,12862874.01,42676,41321,15186,"Los Angeles, CA"
2,2023-10-15,,12207175.33,42676,41334,14412,"Los Angeles, CA"
2,2023-10-22,,12842761.75,42676,40271,14775,"Los Angeles, CA"
2,2023-10-29,,12385073.75,42676,39104,13843,"Los Angeles, CA"
2,2023-11-05,Veterans Day,13717955.3,42676,39144,15352,"Los Angeles, CA"
2,2023-11-12,,13445076.05,42676,40641,15605,"Los Angeles, CA"
2,2023-11-19,"Thanksgiving Day, Black Friday",20319337.5,42676,41321,23980,"Los Angeles, CA"
2,2023-11-26,Cyber Monday,18299416.1,42676,41281,21578,"Los Angeles, CA"
2,2023-12-03,,13684664.0,42676,40855,15976,"Los Angeles, CA"
2,2023-12-10,,16033845.24,42676,40307,18457,"Los Angeles, CA"
2,2023-12-17,,17029155.64,42676,38091,18536,"Los Angeles, CA"
2,2023-12-24,Christmas Day,22570588.6,42676,38399,24770,"Los Angeles, CA"
2,2023-12-31,New Year's Day,13119585.64,42676,41326,15494,"Los Angeles, CA"
2,2024-01-07,,12596640.98,42676,40165,14451,"Los Angeles, CA"
2,2024-01-14,Martin Luther King Jr. Day,12213078.36,42676,37793,13187,"Los Angeles, CA"
2,2024-01-21,,11982383.77,42676,38160,13068,"Los Angeles, CA"
2,2024-01-28,,11626342.98,42676,40392,13416,"Los Angeles, CA"
3,2022-02-06,,3231355.54,40089,35486,3299,"Chicago, IL"
3,2022-02-13,Presidents' Day,2945102.72,40089,36067,3052,"Chicago, IL"
3,2022-02-20,,2951495.33,40089,37514,3179,"Chicago, IL"
3,2022-02-27,,2850434.02,40089,38049,3112,"Chicago, IL"
3,2022-03-06,,2906414.28,40089,37900,3164,"Chicago, IL"
3,2022-03-13,,2689404.83,40089,36304,2813,"Chicago, IL"
3,2022-03-20,,2627300.13,40089,38125,2881,"Chicago, IL"
3,2022-03-27,,2519644.89,40089,36353,2634,"Chicago, IL"
3,2022-04-03,,2963060.8,40089,36682,3127,"Chicago, IL"
3,2022-04-10,,2911091.96,40089,38253,3194,"Chicago, IL"
3,2022-04-17,,2484952.82,40089,37891,2701,"Chicago, IL"
3,2022-04-24,,2379836.55,40089,38636,2634,"Chicago, IL"
3,2022-05-01,,2528738.73,40089,37921,2746,"Chicago, IL"
3,2022-05-08,,2795267.02,40089,37588,3015,"Chicago, IL"
3,2022-05-15,,2690505.58,40089,35817,2776,"Chicago, IL"
3,2022-05-22,,2406342.19,40089,36840,2552,"Chicago, IL"
3,2022-05-29,Memorial Day,2450624.61,40089,36457,2567,"Chicago, IL"
3,2022-06-05,,2778781.6,40089,36378,2903,"Chicago, IL"
3,2022-06-12,,2485119.63,40089,39098,2784,"Chicago, IL"
3,2022-06-19,,2548537.95,40089,36934,2709,"Chicago, IL"
3,2022-06-26,,2501425.36,40089,38796,2791,"Chicago, IL"
3,2022-07-03,Independence Day,2668062.04,40089,37822,2896,"Chicago, IL"
3,2022-07-10,,2444499.26,40089,38433,2694,"Chicago, IL"
3,2022-07-17,,2469101.46,40089,37342,2649,"Chicago, IL"
3,2022-07-24,,2470051.43,40089,37620,2664,"Chicago, IL"
3,2022-07-31,,2435685.35,40089,37306,2612,"Chicago, IL"
3,2022-08-07,,2818450.32,40089,36196,2933,"Chicago, IL"
3,2022-08-14,,2377181.66,40089,38163,2604,"Chicago, IL"
3,2022-08-21,,2462097.47,40089,36515,2590,"Chicago, IL"
3,2022-08-28,,2534938.63,40089,35558,2590,"Chicago, IL"
3,2022-09-04,Labor Day,2565317.79,40089,37876,2791,"Chicago, IL"
3,2022-09-11,,2465826.79,40089,36128,2560,"Chicago, IL"
3,2022-09-18,,2541452.48,40089,38977,2843,"Chicago, IL"
3,2022-09-25,,2489388.09,40089,39027,2791,"Chicago, IL"
3,2022-10-02,,2511488.7,40089,38881,2798,"Chicago, IL"
3,2022-10-09,Columbus Day,2765751.45,40089,36849,2925,"Chicago, IL"
3,2022-10-16,,2419090.73,40089,35525,2478,"Chicago, IL"
3,2022-10-23,,2442271.86,40089,38932,2731,"Chicago, IL"
3,2022-10-30,,2440142.18,40089,37065,2604,"Chicago, IL"
3,2022-11-06,Veterans Day,2962228.92,40089,39075,3321,"Chicago, IL"
3,2022-11-13,,2706445.21,40089,39063,3037,"Chicago, IL"
3,2022-11-20,"Thanksgiving Day, Black Friday",4007817.24,40089,38650,4448,"Chicago, IL"
3,2022-11-27,Cyber Monday,3958974.88,40089,36566,4164,"Chicago, IL"
3,2022-12-04,,3334945.39,40089,36905,3537,"Chicago, IL"
3,2022-12-11,,3273494.21,40089,38643,3627,"Chicago, IL"
3,2022-12-18,,3487115.73,40089,36650,3672,"Chicago, IL"
3,2022-12-25,Christmas Day,4241932.87,40089,36100,4403,"Chicago, IL"
3,2023-01-01,New Year's Day,2678744.32,40089,37545,2888,"Chicago, IL"
3,2023-01-08,,2967188.8901474825,40089,38961,2963,"Chicago, IL"
3,2023-01-15,Martin Luther King Jr. Day,3294985.496256317,40089,38064,2910,"Chicago, IL"
3,2023-01-22,,2805956.839957636,40089,37594,2649,"Chicago, IL"
3,2023-01-29,,2837546.8732441617,40089,35830,2634,"Chicago, IL"
3,2023-02-05,,3880274.910160354,40089,37762,3328,"Chicago, IL"
3,2023-02-12,,3399025.0231731622,40089,39162,3388,"Chicago, IL"
3,2023-02-19,Presidents' Day,3746246.1459600343,40089,35990,3134,"Chicago, IL"
3,2023-02-26,,3418810.7389568407,40089,37401,2985,"Chicago, IL"
3,2023-03-05,,3440490.434491883,40089,38741,3403,"Chicago, IL"
3,2023-03-12,,3601880.2784081954,40089,38231,3105,"Chicago, IL"
3,2023-03-19,,3056324.328921393,40089,38068,2993,"Chicago, IL"
3,2023-03-26,,3090632.1014693216,40089,38088,2910,"Chicago, IL"
3,2023-04-02,,3321184.3069232046,40089,36809,2776,"Chicago, IL"
3,2023-04-09,,3402562.230023325,40089,36563,2828,"Chicago, IL"
3,2023-04-16,,3301915.877646389,40089,38487,2828,"Chicago, IL"
3,2023-04-23,,3423435.9116515582,40089,38490,3030,"Chicago, IL"
3,2023-04-30,,3026904.4401396336,40089,38703,2858,"Chicago, IL"
3,2023-05-07,,3217942.975239845,40089,38875,3231,"Chicago, IL"
3,2023-05-14,,3441360.488743936,40089,37375,2903,"Chicago, IL"
3,2023-05-21,,3043947.2926255814,40089,37338,2739,"Chicago, IL"
3,2023-05-28,Memorial Day,3287046.2916851602,40089,38446,2858,"Chicago, IL"
3,2023-06-04,,3514918.1668933895,40089,37892,3000,"Chicago, IL"
3,2023-06-11,,3349291.7574695395,40089,38087,2993,"Chicago, IL"
3,2023-06-18,,3182915.4804377714,40089,38437,3119,"Chicago, IL"
3,2023-06-25,,3416579.2478003865,40089,38789,3007,"Chicago, IL"
3,2023-07-02,Independence Day,3223919.2334687775,40089,36729,2724,"Chicago, IL"
3,2023-07-09,,3308582.739809188,40089,36869,2940,"Chicago, IL"
3,2023-07-16,,2890214.6749346284,40089,35818,2694,"Chicago, IL"
3,2023-07-23,,3065315.228084093,40089,37625,2724,"Chicago, IL"
3,2023-07-30,,2731415.822436632,40089,35601,2470,"Chicago, IL"
3,2023-08-06,,3293946.291719619,40089,37205,3067,"Chicago, IL"
3,2023-08-13,,3208862.929936617,40089,37492,2866,"Chicago, IL"
3,2023-08-20,,3383073.2383423382,40089,36537,2791,"Chicago, IL"
3,2023-08-27,,2982411.63072373,40089,37672,2776,"Chicago, IL"
3,2023-09-03,Labor Day,2915269.6573129687,40089,35581,2694,"Chicago, IL"
3,2023-09-10,,3025411.118344195,40089,35606,2709,"Chicago, IL"
3,2023-09-17,,3043487.0158471414,40089,38537,2910,"Chicago, IL"
3,2023-09-24,,3273124.5733005875,40089,36812,2701,"Chicago, IL"
3,2023-10-01,,2935397.4798854445,40089,35941,2672,"Chicago, IL"
3,2023-10-08,Columbus Day,3520569.7165067466,40089,37416,3030,"Chicago, IL"
3,2023-10-15,,3335216.753020748,40089,38340,2843,"Chicago, IL"
3,2023-10-22,,3406640.4663423733,40089,36273,2881,"Chicago, IL"
3,2023-10-29,,3202663.285052881,40089,37791,2955,"Chicago, IL"
3,2023-11-05,Veterans Day,4132024.1257958417,40089,35785,3306,"Chicago, IL"
3,2023-11-12,,3236430.9058245216,40089,35660,2925,"Chicago, IL"
3,2023-11-19,"Thanksgiving Day, Black Friday",5193742.269320609,40089,37450,4500,"Chicago, IL"
3,2023-11-26,Cyber Monday,4744900.990973366,40089,37484,4194,"Chicago, IL"
3,2023-12-03,,3681172.690477462,40089,37846,3590,"Chicago, IL"
3,2023-12-10,,4165341.4079952505,40089,38177,3597,"Chicago, IL"
3,2023-12-17,,4070428.4913332965,40089,39109,4015,"Chicago, IL"
3,2023-12-24,Christmas Day,4364803.435859152,40089,37393,4142,"Chicago, IL"
3,2023-12-31,New Year's Day,3204600.4973712,40089,36673,3030,"Chicago, IL"
3,2024-01-07,,3208995.144293192,40089,38435,3075,"Chicago, IL"
3,2024-01-14,Martin Luther King Jr. Day,2859304.7655299385,40089,36478,2701,"Chicago, IL"
3,2024-01-21,,3096255.881848963,40089,37106,2731,"Chicago, IL"
3,2024-01-28,,2957706.1667704894,40089,35760,2522,"Chicago, IL"
4,2022-02-06,,14946007.09,42896,38051,14732,"Houston, TX"
4,2022-02-13,Presidents' Day,15318151.73,42896,41795,16575,"Houston, TX"
4,2022-02-20,,14349021.82,42896,41289,15337,"Houston, TX"
4,2022-02-27,,13480101.88,42896,40729,14207,"Houston, TX"
4,2022-03-06,,13797402.08,42896,39584,14142,"Houston, TX"
4,2022-03-13,,13260268.63,42896,38642,13271,"Houston, TX"
4,2022-03-20,,13282005.52,42896,38575,13271,"Houston, TX"
4,2022-03-27,,12337775.1,42896,38950,12444,"Houston, TX"
4,2022-04-03,,13854729.84,42896,40143,14394,"Houston, TX"
4,2022-04-10,,12729169.04,42896,40804,13444,"Houston, TX"
4,2022-04-17,,12960637.83,42896,40586,13617,"Houston, TX"
4,2022-04-24,,12618745.3,42896,39068,12775,"Houston, TX"
4,2022-05-01,,12720912.96,42896,41764,13754,"Houston, TX"
4,2022-05-08,,14004382.98,42896,40897,14826,"Houston, TX"
4,2022-05-15,,13129180.96,42896,40164,13653,"Houston, TX"
4,2022-05-22,,13326268.2,42896,40393,13934,"Houston, TX"
4,2022-05-29,Memorial Day,13002735.9,42896,39626,13343,"Houston, TX"
4,2022-06-05,,13323034.06,42896,38940,13437,"Houston, TX"
4,2022-06-12,,13094334.61,42896,39372,13351,"Houston, TX"
4,2022-06-19,,13508154.45,42896,40977,14329,"Houston, TX"
4,2022-06-26,,12926563.65,42896,38008,12724,"Houston, TX"
4,2022-07-03,Independence Day,13169360.47,42896,38414,13106,"Houston, TX"
4,2022-07-10,,12685457.54,42896,38134,12530,"Houston, TX"
4,2022-07-17,,13288993.62,42896,38113,13120,"Houston, TX"
4,2022-07-24,,12938987.46,42896,41366,13862,"Houston, TX"
4,2022-07-31,,12576463.27,42896,40760,13264,"Houston, TX"
4,2022-08-07,,13353470.06,42896,39844,13782,"Houston, TX"
4,2022-08-14,,14049355.25,42896,38341,13948,"Houston, TX"
4,2022-08-21,,13980267.63,42896,39914,14452,"Houston, TX"
4,2022-08-28,,12938827.44,42896,39842,13358,"Houston, TX"
4,2022-09-04,Labor Day,13551003.06,42896,38642,13566,"Houston, TX"
4,2022-09-11,,13060745.67,42896,39683,13422,"Houston, TX"
4,2022-09-18,,13299717.27,42896,39542,13617,"Houston, TX"
4,2022-09-25,,12674792.76,42896,40409,13264,"Houston, TX"
4,2022-10-02,,12899747.14,42896,40486,13523,"Houston, TX"
4,2022-10-09,Columbus Day,13660463.95,42896,38131,13487,"Houston, TX"
4,2022-10-16,,13071415.63,42896,39447,13358,"Houston, TX"
4,2022-10-23,,13493270.42,42896,40449,14128,"Houston, TX"
4,2022-10-30,,13533331.0,42896,39959,13998,"Houston, TX"
4,2022-11-06,Veterans Day,14091810.53,42896,41371,15092,"Houston, TX"
4,2022-11-13,,13998559.82,42896,40580,14704,"Houston, TX"
4,2022-11-20,"Thanksgiving Day, Black Friday",21684665.8,42896,38601,21678,"Houston, TX"
4,2022-11-27,Cyber Monday,19526286.15,42896,38232,19331,"Houston, TX"
4,2022-12-04,,14717711.19,42896,40515,15438,"Houston, TX"
4,2022-12-11,,16117534.02,42896,38056,15884,"Houston, TX"
4,2022-12-18,,19180399.98,42896,40289,20008,"Houston, TX"
4,2022-12-25,Christmas Day,24686993.73,42896,41705,26658,"Houston, TX"
4,2023-01-01,New Year's Day,12564081.18,42896,40248,13091,"Houston, TX"
4,2023-01-08,,14670500.793916235,42896,39501,13343,"Houston, TX"
4,2023-01-15,Martin Luther King Jr. Day,15930351.757005969,42896,40519,13696,"Houston, TX"
4,2023-01-22,,17026334.563401125,42896,39781,13610,"Houston, TX"
4,2023-01-29,,16313508.920316072,42896,40129,13192,"Houston, TX"
4,2023-02-05,,18286552.8627555,42896,41710,16021,"Houston, TX"
4,2023-02-12,,19347434.359167043,42896,39493,15661,"Houston, TX"
4,2023-02-19,Presidents' Day,20657890.241988674,42896,41789,17539,"Houston, TX"
4,2023-02-26,,18251160.291058533,42896,41566,15654,"Houston, TX"
4,2023-03-05,,19044402.448397715,42896,38732,14768,"Houston, TX"
4,2023-03-12,,18071027.972026024,42896,38227,14135,"Houston, TX"
4,2023-03-19,,16378341.01777405,42896,38353,14718,"Houston, TX"
4,2023-03-26,,15267212.867348809,42896,38023,13401,"Houston, TX"
4,2023-04-02,,16965075.398502175,42896,38327,13207,"Houston, TX"
4,2023-04-09,,17143954.292428415,42896,40678,15294,"Houston, TX"
4,2023-04-16,,16971158.685233574,42896,38235,13588,"Houston, TX"
4,2023-04-23,,19329726.863461867,42896,39224,15790,"Houston, TX"
4,2023-04-30,,15869041.125029834,42896,41324,14070,"Houston, TX"
4,2023-05-07,,16952950.816020906,42896,38043,14236,"Houston, TX"
4,2023-05-14,,17436366.580837104,42896,41203,14948,"Houston, TX"
4,2023-05-21,,18066154.839875814,42896,39076,14279,"Houston, TX"
4,2023-05-28,Memorial Day,15709945.241946537,42896,38422,13840,"Houston, TX"
4,2023-06-04,,17821063.02890691,42896,40732,15243,"Houston, TX"
4,2023-06-11,,18744282.194506273,42896,40462,15200,"Houston, TX"
4,2023-06-18,,17589023.816644568,42896,41454,16086,"Houston, TX"
4,2023-06-25,,16792226.094223823,42896,40886,14876,"Houston, TX"
4,2023-07-02,Independence Day,16030628.141610239,42896,41159,15301,"Houston, TX"
4,2023-07-09,,16663813.843014905,42896,39077,14639,"Houston, TX"
4,2023-07-16,,17426117.921608206,42896,38659,14358,"Houston, TX"
4,2023-07-23,,18058690.670242067,42896,40948,15114,"Houston, TX"
4,2023-07-30,,17377585.81006077,42896,41172,14848,"Houston, TX"
4,2023-08-06,,17344231.999480464,42896,41906,16402,"Houston, TX"
4,2023-08-13,,18482849.776847232,42896,39598,15114,"Houston, TX"
4,2023-08-20,,18508749.73763145,42896,39436,15963,"Houston, TX"
4,2023-08-27,,17679618.23852671,42896,41051,14790,"Houston, TX"
4,2023-09-03,Labor Day,17020165.2804711,42896,39312,14812,"Houston, TX"
4,2023-09-10,,18776092.49298057,42896,41667,15805,"Houston, TX"
4,2023-09-17,,16769653.370391058,42896,41378,15560,"Houston, TX"
4,2023-09-24,,16935372.42432587,42896,39664,14610,"Houston, TX"
4,2023-10-01,,16881398.75543312,42896,40949,14315,"Houston, TX"
4,2023-10-08,Columbus Day,19519743.499707453,42896,40963,16086,"Houston, TX"
4,2023-10-15,,17865006.547492348,42896,38362,14430,"Houston, TX"
4,2023-10-22,,19936019.359878834,42896,41555,16625,"Houston, TX"
4,2023-10-29,,19344547.0412317,42896,39967,15589,"Houston, TX"
4,2023-11-05,Veterans Day,17783107.72542546,42896,41251,17050,"Houston, TX"
4,2023-11-12,,18446256.64586458,42896,39229,15668,"Houston, TX"
4,2023-11-19,"Thanksgiving Day, Black Friday",28558672.460863676,42896,41526,24420,"Houston, TX"
4,2023-11-26,Cyber Monday,24799896.305432547,42896,39505,21519,"Houston, TX"
4,2023-12-03,,18122684.591997046,42896,37993,15020,"Houston, TX"
4,2023-12-10,,21652398.121916737,42896,41566,18900,"Houston, TX"
4,2023-12-17,,23003772.786213256,42896,38315,19252,"Houston, TX"
4,2023-12-24,Christmas Day,30012754.619205587,42896,39226,26147,"Houston, TX"
4,2023-12-31,New Year's Day,15457898.146143325,42896,41744,15179,"Houston, TX"
4,2024-01-07,,17977764.537412055,42896,41747,15488,"Houston, TX"
4,2024-01-14,Martin Luther King Jr. Day,15806963.695562584,42896,40240,14157,"Houston, TX"
4,2024-01-21,,16615303.141372811,42896,40473,14704,"Houston, TX"
4,2024-01-28,,15294165.8673784,42896,39742,13890,"Houston, TX"
5,2022-02-06,,2220211.7,40000,36480,1975,"Phoenix, AZ"
5,2022-02-13,Presidents' Day,2182779.9,40000,36612,1950,"Phoenix, AZ"
5,2022-02-20,,2124132.99,40000,37892,1956,"Phoenix, AZ"
5,2022-02-27,,1891971.41,40000,38190,1754,"Phoenix, AZ"
5,2022-03-06,,2021989.97,40000,38336,1887,"Phoenix, AZ"
5,2022-03-13,,2081055.13,40000,38328,1937,"Phoenix, AZ"
5,2022-03-20,,1971944.87,40000,35728,1716,"Phoenix, AZ"
5,2022-03-27,,1912980.79,40000,37230,1735,"Phoenix, AZ"
5,2022-04-03,,2319842.0,40000,35602,2013,"Phoenix, AZ"
5,2022-04-10,,2296143.43,40000,37434,2089,"Phoenix, AZ"
5,2022-04-17,,2148010.83,40000,37033,1944,"Phoenix, AZ"
5,2022-04-24,,2021878.11,40000,38694,1906,"Phoenix, AZ"
5,2022-05-01,,2090884.88,40000,36695,1874,"Phoenix, AZ"
5,2022-05-08,,2334658.2,40000,35824,2045,"Phoenix, AZ"
5,2022-05-15,,2076716.39,40000,35921,1817,"Phoenix, AZ"
5,2022-05-22,,2111308.43,40000,38224,1956,"Phoenix, AZ"
5,2022-05-29,Memorial Day,2170091.77,40000,37690,1988,"Phoenix, AZ"
5,2022-06-05,,2364781.23,40000,35765,2064,"Phoenix, AZ"
5,2022-06-12,,2076493.37,40000,35701,1805,"Phoenix, AZ"
5,2022-06-19,,2196569.2,40000,37998,2032,"Phoenix, AZ"
5,2022-06-26,,2066801.1,40000,35659,1798,"Phoenix, AZ"
5,2022-07-03,Independence Day,2141952.89,40000,38448,2000,"Phoenix, AZ"
5,2022-07-10,,2042662.09,40000,38018,1893,"Phoenix, AZ"
5,2022-07-17,,1964911.9,40000,35691,1710,"Phoenix, AZ"
5,2022-07-24,,1923198.41,40000,35704,1672,"Phoenix, AZ"
5,2022-07-31,,1882503.21,40000,39062,1792,"Phoenix, AZ"
5,2022-08-07,,2121301.14,40000,36782,1906,"Phoenix, AZ"
5,2022-08-14,,2005341.45,40000,36769,1798,"Phoenix, AZ"
5,2022-08-21,,2010437.66,40000,38415,1880,"Phoenix, AZ"
5,2022-08-28,,2019638.25,40000,38916,1906,"Phoenix, AZ"
5,2022-09-04,Labor Day,2266586.0,40000,39060,2152,"Phoenix, AZ"
5,2022-09-11,,2145731.56,40000,38193,1988,"Phoenix, AZ"
5,2022-09-18,,1977910.55,40000,36790,1773,"Phoenix, AZ"
5,2022-09-25,,2051921.06,40000,35699,1786,"Phoenix, AZ"
5,2022-10-02,,1982246.84,40000,38282,1843,"Phoenix, AZ"
5,2022-10-09,Columbus Day,2033463.95,40000,37467,1849,"Phoenix, AZ"
5,2022-10-16,,1964768.4,40000,36968,1767,"Phoenix, AZ"
5,2022-10-23,,1994917.89,40000,38763,1880,"Phoenix, AZ"
5,2022-10-30,,1946222.67,40000,35802,1704,"Phoenix, AZ"
5,2022-11-06,Veterans Day,2277172.1,40000,37223,2064,"Phoenix, AZ"
5,2022-11-13,,2112791.52,40000,35430,1830,"Phoenix, AZ"
5,2022-11-20,"Thanksgiving Day, Black Friday",3481693.67,40000,37134,3149,"Phoenix, AZ"
5,2022-11-27,Cyber Monday,3418538.27,40000,35598,2966,"Phoenix, AZ"
5,2022-12-04,,2411436.16,40000,35831,2108,"Phoenix, AZ"
5,2022-12-11,,2469680.71,40000,35826,2158,"Phoenix, AZ"
5,2022-12-18,,2574608.33,40000,37805,2367,"Phoenix, AZ"
5,2022-12-25,Christmas Day,3262071.75,40000,38166,3029,"Phoenix, AZ"
5,2023-01-01,New Year's Day,2087261.26,40000,37560,1906,"Phoenix, AZ"
5,2023-01-08,,2237520.4478928675,40000,38971,1899,"Phoenix, AZ"
5,2023-01-15,Martin Luther King Jr. Day,2080770.6063553372,40000,36784,1634,"Phoenix, AZ"
5,2023-01-22,,2481033.0992632224,40000,36452,1716,"Phoenix, AZ"
5,2023-01-29,,2457225.1166328164,40000,38623,1836,"Phoenix, AZ"
5,2023-02-05,,2866819.720129225,40000,36221,2038,"Phoenix, AZ"
5,2023-02-12,,2759145.559705374,40000,38975,2064,"Phoenix, AZ"
5,2023-02-19,Presidents' Day,3129038.6870771106,40000,35433,2158,"Phoenix, AZ"
5,2023-02-26,,2325365.473914166,40000,39000,1950,"Phoenix, AZ"
5,2023-03-05,,2538229.391842405,40000,35549,1994,"Phoenix, AZ"
5,2023-03-12,,2451486.90904388,40000,38707,1931,"Phoenix, AZ"
5,2023-03-19,,2796176.01728407,40000,37353,1981,"Phoenix, AZ"
5,2023-03-26,,2415978.5890570967,40000,39086,1963,"Phoenix, AZ"
5,2023-04-02,,2433556.1970347203,40000,35663,1912,"Phoenix, AZ"
5,2023-04-09,,2487690.166378693,40000,37450,1956,"Phoenix, AZ"
5,2023-04-16,,2644306.9322908944,40000,38998,2045,"Phoenix, AZ"
5,2023-04-23,,2617637.9504680512,40000,37336,2082,"Phoenix, AZ"
5,2023-04-30,,2676128.166492639,40000,37732,1969,"Phoenix, AZ"
5,2023-05-07,,2556855.8112700256,40000,37979,2089,"Phoenix, AZ"
5,2023-05-14,,2413322.6662769616,40000,37081,1843,"Phoenix, AZ"
5,2023-05-21,,2710570.394893402,40000,37725,1918,"Phoenix, AZ"
5,2023-05-28,Memorial Day,2538603.657337691,40000,37564,1899,"Phoenix, AZ"
5,2023-06-04,,2676607.8405155786,40000,38744,2171,"Phoenix, AZ"
5,2023-06-11,,2503125.2474240623,40000,35557,1855,"Phoenix, AZ"
5,2023-06-18,,2554327.8729947372,40000,36435,1899,"Phoenix, AZ"
5,2023-06-25,,2493122.2866278514,40000,38927,2007,"Phoenix, AZ"
5,2023-07-02,Independence Day,2858725.6612299336,40000,38703,2152,"Phoenix, AZ"
5,2023-07-09,,2428724.265679945,40000,37085,1969,"Phoenix, AZ"
5,2023-07-16,,2502518.6541627026,40000,37697,1817,"Phoenix, AZ"
5,2023-07-23,,2358415.9050084106,40000,36421,1817,"Phoenix, AZ"
5,2023-07-30,,2410121.892898984,40000,36089,1697,"Phoenix, AZ"
5,2023-08-06,,2619933.462607482,40000,37115,2013,"Phoenix, AZ"
5,2023-08-13,,2575011.651016948,40000,36704,1817,"Phoenix, AZ"
5,2023-08-20,,2668307.7777021537,40000,37561,1937,"Phoenix, AZ"
5,2023-08-27,,2807535.3991348906,40000,35678,1887,"Phoenix, AZ"
5,2023-09-03,Labor Day,2766532.792332106,40000,39017,2101,"Phoenix, AZ"
5,2023-09-10,,2765541.497019131,40000,39061,2133,"Phoenix, AZ"
5,2023-09-17,,2310421.283991726,40000,37988,1798,"Phoenix, AZ"
5,2023-09-24,,2516691.4350521015,40000,37384,1855,"Phoenix, AZ"
5,2023-10-01,,2442029.4974304535,40000,36541,1824,"Phoenix, AZ"
5,2023-10-08,Columbus Day,2632801.821795339,40000,38418,2019,"Phoenix, AZ"
5,2023-10-15,,2434403.7179858363,40000,37938,1849,"Phoenix, AZ"
5,2023-10-22,,2672875.26031098,40000,35994,1880,"Phoenix, AZ"
5,2023-10-29,,2593074.40679349,40000,38780,2026,"Phoenix, AZ"
5,2023-11-05,Veterans Day,2881514.3343106844,40000,38451,2316,"Phoenix, AZ"
5,2023-11-12,,2469327.399071437,40000,38925,2070,"Phoenix, AZ"
5,2023-11-19,"Thanksgiving Day, Black Friday",4184251.992713126,40000,38090,3294,"Phoenix, AZ"
5,2023-11-26,Cyber Monday,4282692.923522747,40000,37672,3257,"Phoenix, AZ"
5,2023-12-03,,3071126.3144952613,40000,36946,2367,"Phoenix, AZ"
5,2023-12-10,,3330592.3144478756,40000,38861,2436,"Phoenix, AZ"
5,2023-12-17,,3108255.331778544,40000,38613,2493,"Phoenix, AZ"
5,2023-12-24,Christmas Day,3923718.608805106,40000,35556,2783,"Phoenix, AZ"
5,2023-12-31,New Year's Day,3065839.7583458014,40000,35486,2120,"Phoenix, AZ"
5,2024-01-07,,2490185.069100704,40000,36790,1963,"Phoenix, AZ"
5,2024-01-14,Martin Luther King Jr. Day,2533820.516178868,40000,38406,1906,"Phoenix, AZ"
5,2024-01-21,,2473427.6852794457,40000,39065,1912,"Phoenix, AZ"
5,2024-01-28,,2293913.90294621,40000,35948,1817,"Phoenix, AZ"
6,2022-02-06,,11568445.7,42028,39507,10591,"Philadelphia, PA"
6,2022-02-13,Presidents' Day,11243987.02,42028,38673,10080,"Philadelphia, PA"
6,2022-02-20,,10969966.49,42028,40978,10421,"Philadelphia, PA"
6,2022-02-27,,10030672.47,42028,40478,9411,"Philadelphia, PA"
6,2022-03-06,,11209441.74,42028,40463,10509,"Philadelphia, PA"
6,2022-03-13,,10910349.52,42028,39017,9871,"Philadelphia, PA"
6,2022-03-20,,11851412.37,42028,38806,10660,"Philadelphia, PA"
6,2022-03-27,,10304233.66,42028,38253,9139,"Philadelphia, PA"
6,2022-04-03,,12392337.3,42028,37403,10743,"Philadelphia, PA"
6,2022-04-10,,11670272.74,42028,40566,10970,"Philadelphia, PA"
6,2022-04-17,,10638924.52,42028,40363,9947,"Philadelphia, PA"
6,2022-04-24,,10783051.93,42028,41094,10269,"Philadelphia, PA"
6,2022-05-01,,10486561.12,42028,41082,9979,"Philadelphia, PA"
6,2022-05-08,,11339440.28,42028,39355,10345,"Philadelphia, PA"
6,2022-05-15,,10668415.8,42028,40191,9935,"Philadelphia, PA"
6,2022-05-22,,10723569.08,42028,40879,10155,"Philadelphia, PA"
6,2022-05-29,Memorial Day,11511294.62,42028,40507,10799,"Philadelphia, PA"
6,2022-06-05,,13001660.63,42028,38151,11500,"Philadelphia, PA"
6,2022-06-12,,11799566.45,42028,38946,10654,"Philadelphia, PA"
6,2022-06-19,,11740737.68,42028,37688,10256,"Philadelphia, PA"
6,2022-06-26,,11484773.16,42028,40916,10888,"Philadelphia, PA"
6,2022-07-03,Independence Day,12318440.75,42028,39554,11285,"Philadelphia, PA"
6,2022-07-10,,11832225.93,42028,38077,10446,"Philadelphia, PA"
6,2022-07-17,,10920845.6,42028,39811,10073,"Philadelphia, PA"
6,2022-07-24,,11096686.44,42028,39601,10181,"Philadelphia, PA"
6,2022-07-31,,10726161.46,42028,38584,9600,"Philadelphia, PA"
6,2022-08-07,,11432691.13,42028,37627,9972,"Philadelphia, PA"
6,2022-08-14,,10833584.86,42028,39810,9991,"Philadelphia, PA"
6,2022-08-21,,10779513.5,42028,39218,9796,"Philadelphia, PA"
6,2022-08-28,,10155362.84,42028,40204,9461,"Philadelphia, PA"
6,2022-09-04,Labor Day,10576477.24,42028,39217,9613,"Philadelphia, PA"
6,2022-09-11,,9969578.08,42028,40517,9360,"Philadelphia, PA"
6,2022-09-18,,9159764.25,42028,39342,8344,"Philadelphia, PA"
6,2022-09-25,,8929142.88,42028,39377,8142,"Philadelphia, PA"
6,2022-10-02,,9299282.23,42028,40613,8748,"Philadelphia, PA"
6,2022-10-09,Columbus Day,9522225.3,42028,38762,8559,"Philadelphia, PA"
6,2022-10-16,,9412066.44,42028,37707,8230,"Philadelphia, PA"
6,2022-10-23,,9329015.71,42028,37295,8066,"Philadelphia, PA"
6,2022-10-30,,9697265.9,42028,40137,9019,"Philadelphia, PA"
6,2022-11-06,Veterans Day,10538095.05,42028,39609,9676,"Philadelphia, PA"
6,2022-11-13,,10468755.22,42028,39937,9688,"Philadelphia, PA"
6,2022-11-20,"Thanksgiving Day, Black Friday",17631890.15,42028,38016,15540,"Philadelphia, PA"
6,2022-11-27,Cyber Monday,15872166.8,42028,37716,13880,"Philadelphia, PA"
6,2022-12-04,,11739470.68,42028,37239,10137,"Philadelphia, PA"
6,2022-12-11,,12843163.06,42028,38555,11481,"Philadelphia, PA"
6,2022-12-18,,14631882.65,42028,39490,13387,"Philadelphia, PA"
6,2022-12-25,Christmas Day,19093026.26,42028,38718,17137,"Philadelphia, PA"
6,2023-01-01,New Year's Day,10248350.14,42028,38895,9240,"Philadelphia, PA"
6,2023-01-08,,9453091.76,42028,40720,8918,"Philadelphia, PA"
6,2023-01-15,Martin Luther King Jr. Day,9143361.85,42028,38546,8174,"Philadelphia, PA"
6,2023-01-22,,8828772.26,42028,39193,8016,"Philadelphia, PA"
6,2023-01-29,,9009242.9,42028,40249,8401,"Philadelphia, PA"
6,2023-02-05,,10604994.19,42028,38735,9524,"Philadelphia, PA"
6,2023-02-12,,10408441.19,42028,39616,9556,"Philadelphia, PA"
6,2023-02-19,Presidents' Day,11004822.78,42028,40557,10345,"Philadelphia, PA"
6,2023-02-26,,9958203.01,42028,40898,9436,"Philadelphia, PA"
6,2023-03-05,,10518325.93,42028,37758,9209,"Philadelphia, PA"
6,2023-03-12,,10461481.73,42028,40808,9897,"Philadelphia, PA"
6,2023-03-19,,11797628.29,42028,39109,10698,"Philadelphia, PA"
6,2023-03-26,,10069260.67,42028,38193,8918,"Philadelphia, PA"
6,2023-04-02,,10214937.39,42028,38980,9234,"Philadelphia, PA"
6,2023-04-09,,10742158.0,42028,41017,10212,"Philadelphia, PA"
6,2023-04-16,,10141579.14,42028,39111,9196,"Philadelphia, PA"
6,2023-04-23,,11475512.51,42028,38469,10231,"Philadelphia, PA"
6,2023-04-30,,10354749.3,42028,39661,9512,"Philadelphia, PA"
6,2023-05-07,,10532560.99,42028,38122,9310,"Philadelphia, PA"
6,2023-05-14,,10172299.55,42028,37479,8836,"Philadelphia, PA"
6,2023-05-21,,9679486.81,42028,37687,8458,"Philadelphia, PA"
6,2023-05-28,Memorial Day,10667853.77,42028,37684,9316,"Philadelphia, PA"
6,2023-06-04,,11938544.03,42028,37777,10458,"Philadelphia, PA"
6,2023-06-11,,11190505.55,42028,37726,9783,"Philadelphia, PA"
6,2023-06-18,,11355052.31,42028,39690,10440,"Philadelphia, PA"
6,2023-06-25,,10803561.3,42028,37894,9493,"Philadelphia, PA"
6,2023-07-02,Independence Day,11861858.05,42028,38535,10597,"Philadelphia, PA"
6,2023-07-09,,11965615.34,42028,40691,11285,"Philadelphia, PA"
6,2023-07-16,,10687608.68,42028,39038,9676,"Philadelphia, PA"
6,2023-07-23,,10685542.56,42028,39794,9853,"Philadelphia, PA"
6,2023-07-30,,10387937.35,42028,37857,9120,"Philadelphia, PA"
6,2023-08-06,,11211091.99,42028,37935,9859,"Philadelphia, PA"
6,2023-08-13,,10394967.66,42028,37343,9000,"Philadelphia, PA"
6,2023-08-20,,10454808.28,42028,37844,9177,"Philadelphia, PA"
6,2023-08-27,,9942837.87,42028,38273,8824,"Philadelphia, PA"
6,2023-09-03,Labor Day,10371331.18,42028,37875,9108,"Philadelphia, PA"
6,2023-09-10,,10385020.66,42028,37530,9038,"Philadelphia, PA"
6,2023-09-17,,9459854.53,42028,37655,8262,"Philadelphia, PA"
6,2023-09-24,,9352313.25,42028,38986,8451,"Philadelphia, PA"
6,2023-10-01,,9152863.44,42028,37990,8060,"Philadelphia, PA"
6,2023-10-08,Columbus Day,10372174.4,42028,38608,9284,"Philadelphia, PA"
6,2023-10-15,,9705646.93,42028,39152,8805,"Philadelphia, PA"
6,2023-10-22,,9925456.59,42028,39884,9171,"Philadelphia, PA"
6,2023-10-29,,9936115.84,42028,37336,8603,"Philadelphia, PA"
6,2023-11-05,Veterans Day,10663942.66,42028,40310,9960,"Philadelphia, PA"
6,2023-11-12,,10753235.78,42028,39639,9871,"Philadelphia, PA"
6,2023-11-19,"Thanksgiving Day, Black Friday",17670730.49,42028,37503,15363,"Philadelphia, PA"
6,2023-11-26,Cyber Monday,15748680.85,42028,40601,14814,"Philadelphia, PA"
6,2023-12-03,,11819719.38,42028,40786,11172,"Philadelphia, PA"
6,2023-12-10,,13323695.98,42028,37422,11557,"Philadelphia, PA"
6,2023-12-17,,14242868.92,42028,38266,12636,"Philadelphia, PA"
6,2023-12-24,Christmas Day,18512431.14,42028,40337,17307,"Philadelphia, PA"
6,2023-12-31,New Year's Day,11186563.64,42028,40110,10395,"Philadelphia, PA"
6,2024-01-07,,9767377.97,42028,37905,8584,"Philadelphia, PA"
6,2024-01-14,Martin Luther King Jr. Day,9409702.19,42028,38002,8287,"Philadelphia, PA"
6,2024-01-21,,9283789.9,42028,38633,8312,"Philadelphia, PA"
6,2024-01-28,,9209274.62,42028,39079,8344,"Philadelphia, PA"
7,2022-02-06,,3477078.08,40504,38166,3088,"San Antonio, TX"
7,2022-02-13,Presidents' Day,3668734.44,40504,37226,3186,"San Antonio, TX"
7,2022-02-20,,3547323.78,40504,37579,3113,"San Antonio, TX"
7,2022-02-27,,3472582.68,40504,38653,3125,"San Antonio, TX"
7,2022-03-06,,3439936.85,40504,35973,2886,"San Antonio, TX"
7,2022-03-13,,3363164.7,40504,36787,2886,"San Antonio, TX"
7,2022-03-20,,4021151.61,40504,38524,3608,"San Antonio, TX"
7,2022-03-27,,3603121.2,40504,39210,3290,"San Antonio, TX"
7,2022-04-03,,3928015.98,40504,37764,3455,"San Antonio, TX"
7,2022-04-10,,3389842.75,40504,37841,2984,"San Antonio, TX"
7,2022-04-17,,2843597.33,40504,36239,2403,"San Antonio, TX"
7,2022-04-24,,2833258.75,40504,37522,2477,"San Antonio, TX"
7,2022-05-01,,2615589.27,40504,37843,2305,"San Antonio, TX"
7,2022-05-08,,2768176.81,40504,36749,2373,"San Antonio, TX"
7,2022-05-15,,2608715.27,40504,36850,2244,"San Antonio, TX"
7,2022-05-22,,2766369.55,40504,37258,2409,"San Antonio, TX"
7,2022-05-29,Memorial Day,3099141.85,40504,35910,2593,"San Antonio, TX"
7,2022-06-05,,3564282.54,40504,37049,3076,"San Antonio, TX"
7,2022-06-12,,3490066.09,40504,36632,2984,"San Antonio, TX"
7,2022-06-19,,3368008.63,40504,37070,2911,"San Antonio, TX"
7,2022-06-26,,3876004.09,40504,36286,3278,"San Antonio, TX"
7,2022-07-03,Independence Day,4028995.39,40504,39193,3675,"San Antonio, TX"
7,2022-07-10,,4154236.38,40504,38073,3681,"San Antonio, TX"
7,2022-07-17,,3900164.45,40504,38395,3492,"San Antonio, TX"
7,2022-07-24,,3991618.47,40504,38810,3608,"San Antonio, TX"
7,2022-07-31,,4224830.12,40504,37715,3712,"San Antonio, TX"
7,2022-08-07,,4506979.19,40504,36162,3804,"San Antonio, TX"
7,2022-08-14,,4187297.8,40504,37859,3694,"San Antonio, TX"
7,2022-08-21,,4076472.19,40504,38047,3614,"San Antonio, TX"
7,2022-08-28,,3880164.68,40504,38645,3492,"San Antonio, TX"
7,2022-09-04,Labor Day,3729355.35,40504,37463,3259,"San Antonio, TX"
7,2022-09-11,,3750385.24,40504,36316,3174,"San Antonio, TX"
7,2022-09-18,,3425859.71,40504,36905,2947,"San Antonio, TX"
7,2022-09-25,,3416061.81,40504,37204,2966,"San Antonio, TX"
7,2022-10-02,,3142991.11,40504,38270,2801,"San Antonio, TX"
7,2022-10-09,Columbus Day,3361679.16,40504,37986,2972,"San Antonio, TX"
7,2022-10-16,,3243593.36,40504,37178,2813,"San Antonio, TX"
7,2022-10-23,,3307155.67,40504,39555,3045,"San Antonio, TX"
7,2022-10-30,,3258452.05,40504,38118,2886,"San Antonio, TX"
7,2022-11-06,Veterans Day,3363587.08,40504,36729,2880,"San Antonio, TX"
7,2022-11-13,,3553090.03,40504,36218,3003,"San Antonio, TX"
7,2022-11-20,"Thanksgiving Day, Black Friday",6177698.52,40504,36411,5247,"San Antonio, TX"
7,2022-11-27,Cyber Monday,5846324.82,40504,36762,5009,"San Antonio, TX"
7,2022-12-04,,3869681.34,40504,36441,3290,"San Antonio, TX"
7,2022-12-11,,4198110.49,40504,36538,3577,"San Antonio, TX"
7,2022-12-18,,5014721.67,40504,36910,4318,"San Antonio, TX"
7,2022-12-25,Christmas Day,7315874.16,40504,36488,6220,"San Antonio, TX"
7,2023-01-01,New Year's Day,5107004.56,40504,39216,4666,"San Antonio, TX"
7,2023-01-08,,4628147.58,40504,36137,3902,"San Antonio, TX"
7,2023-01-15,Martin Luther King Jr. Day,3831694.3,40504,37812,3376,"San Antonio, TX"
7,2023-01-22,,3650776.22,40504,37383,3186,"San Antonio, TX"
7,2023-01-29,,3593605.19,40504,39539,3302,"San Antonio, TX"
7,2023-02-05,,3906194.39,40504,36257,3302,"San Antonio, TX"
7,2023-02-12,,3919321.91,40504,37335,3412,"San Antonio, TX"
7,2023-02-19,Presidents' Day,4006712.29,40504,39490,3688,"San Antonio, TX"
7,2023-02-26,,3826835.88,40504,39098,3486,"San Antonio, TX"
7,2023-03-05,,3859648.73,40504,38915,3498,"San Antonio, TX"
7,2023-03-12,,3912746.81,40504,36807,3357,"San Antonio, TX"
7,2023-03-19,,4445102.83,40504,36479,3779,"San Antonio, TX"
7,2023-03-26,,3913431.06,40504,38356,3492,"San Antonio, TX"
7,2023-04-02,,3593867.69,40504,39339,3296,"San Antonio, TX"
7,2023-04-09,,3503865.12,40504,37934,3094,"San Antonio, TX"
7,2023-04-16,,2963660.98,40504,37990,2623,"San Antonio, TX"
7,2023-04-23,,3266164.23,40504,36891,2807,"San Antonio, TX"
7,2023-04-30,,2873008.11,40504,38736,2593,"San Antonio, TX"
7,2023-05-07,,2849087.29,40504,36540,2428,"San Antonio, TX"
7,2023-05-14,,2898658.35,40504,37055,2507,"San Antonio, TX"
7,2023-05-21,,2972696.86,40504,37439,2593,"San Antonio, TX"
7,2023-05-28,Memorial Day,3200518.09,40504,37748,2813,"San Antonio, TX"
7,2023-06-04,,3796067.59,40504,36749,3253,"San Antonio, TX"
7,2023-06-11,,4347699.65,40504,36268,3675,"San Antonio, TX"
7,2023-06-18,,4276939.45,40504,38137,3798,"San Antonio, TX"
7,2023-06-25,,4480307.79,40504,36923,3859,"San Antonio, TX"
7,2023-07-02,Independence Day,4930409.47,40504,38026,4366,"San Antonio, TX"
7,2023-07-09,,5332557.58,40504,36417,4525,"San Antonio, TX"
7,2023-07-16,,4499237.47,40504,37649,3951,"San Antonio, TX"
7,2023-07-23,,4816307.72,40504,37842,4244,"San Antonio, TX"
7,2023-07-30,,4573678.34,40504,36030,3840,"San Antonio, TX"
7,2023-08-06,,4867749.88,40504,37104,4214,"San Antonio, TX"
7,2023-08-13,,4694693.22,40504,36342,3981,"San Antonio, TX"
7,2023-08-20,,4516093.47,40504,36074,3798,"San Antonio, TX"
7,2023-08-27,,4409961.29,40504,39568,4067,"San Antonio, TX"
7,2023-09-03,Labor Day,4146486.68,40504,37050,3584,"San Antonio, TX"
7,2023-09-10,,4291946.61,40504,38888,3889,"San Antonio, TX"
7,2023-09-17,,3912870.15,40504,36795,3357,"San Antonio, TX"
7,2023-09-24,,3753013.67,40504,38404,3351,"San Antonio, TX"
7,2023-10-01,,3422161.82,40504,38701,3082,"San Antonio, TX"
7,2023-10-08,Columbus Day,3681064.52,40504,38080,3266,"San Antonio, TX"
7,2023-10-15,,3513714.33,40504,37613,3082,"San Antonio, TX"
7,2023-10-22,,3910840.01,40504,37388,3412,"San Antonio, TX"
7,2023-10-29,,3691376.64,40504,37150,3198,"San Antonio, TX"
7,2023-11-05,Veterans Day,3951752.07,40504,39340,3620,"San Antonio, TX"
7,2023-11-12,,3892109.13,40504,38967,3529,"San Antonio, TX"
7,2023-11-19,"Thanksgiving Day, Black Friday",6578785.92,40504,39474,6042,"San Antonio, TX"
7,2023-11-26,Cyber Monday,6643531.09,40504,36303,5626,"San Antonio, TX"
7,2023-12-03,,4143355.16,40504,38590,3718,"San Antonio, TX"
7,2023-12-10,,4576918.15,40504,39373,4195,"San Antonio, TX"
7,2023-12-17,,5041695.33,40504,36518,4293,"San Antonio, TX"
7,2023-12-24,Christmas Day,7418006.89,40504,36085,6238,"San Antonio, TX"
7,2023-12-31,New Year's Day,5711408.64,40504,38629,5137,"San Antonio, TX"
7,2024-01-07,,4991823.62,40504,38000,4415,"San Antonio, TX"
7,2024-01-14,Martin Luther King Jr. Day,4157128.22,40504,39009,3773,"San Antonio, TX"
7,2024-01-21,,4046019.95,40504,36362,3431,"San Antonio, TX"
7,2024-01-28,,3787265.86,40504,38833,3425,"San Antonio, TX"
8,2022-02-06,,7028959.63,40917,36968,7577,"San Diego, CA"
8,2022-02-13,Presidents' Day,6963609.8,40917,36823,7484,"San Diego, CA"
8,2022-02-20,,6747722.59,40917,36825,7252,"San Diego, CA"
8,2022-02-27,,5933144.77,40917,39302,6796,"San Diego, CA"
8,2022-03-06,,6170527.65,40917,38733,6966,"San Diego, CA"
8,2022-03-13,,6022353.12,40917,38191,6703,"San Diego, CA"
8,2022-03-20,,5879377.0,40917,37567,6448,"San Diego, CA"
8,2022-03-27,,5407773.84,40917,39541,6232,"San Diego, CA"
8,2022-04-03,,6401506.37,40917,37695,7044,"San Diego, CA"
8,2022-04-10,,6412237.44,40917,39310,7353,"San Diego, CA"
8,2022-04-17,,6180419.84,40917,37873,6827,"San Diego, CA"
8,2022-04-24,,5953081.82,40917,37636,6541,"San Diego, CA"
8,2022-05-01,,5450708.48,40917,37962,6038,"San Diego, CA"
8,2022-05-08,,6417746.72,40917,37348,6990,"San Diego, CA"
8,2022-05-15,,6113364.88,40917,39047,6959,"San Diego, CA"
8,2022-05-22,,5728332.47,40917,38114,6363,"San Diego, CA"
8,2022-05-29,Memorial Day,6076290.92,40917,37084,6572,"San Diego, CA"
8,2022-06-05,,6707577.87,40917,39626,7747,"San Diego, CA"
8,2022-06-12,,6403851.02,40917,37662,7036,"San Diego, CA"
8,2022-06-19,,6089457.92,40917,38269,6789,"San Diego, CA"
8,2022-06-26,,5704433.77,40917,39652,6595,"San Diego, CA"
8,2022-07-03,Independence Day,5966336.25,40917,38577,6703,"San Diego, CA"
8,2022-07-10,,5917028.39,40917,36645,6325,"San Diego, CA"
8,2022-07-17,,5940413.99,40917,39779,6889,"San Diego, CA"
8,2022-07-24,,5498611.16,40917,38590,6185,"San Diego, CA"
8,2022-07-31,,5511065.63,40917,37475,6023,"San Diego, CA"
8,2022-08-07,,6253798.39,40917,36730,6703,"San Diego, CA"
8,2022-08-14,,6075434.47,40917,39224,6943,"San Diego, CA"
8,2022-08-21,,6094735.08,40917,38561,6850,"San Diego, CA"
8,2022-08-28,,6221717.46,40917,38231,6928,"San Diego, CA"
8,2022-09-04,Labor Day,6293255.29,40917,39604,7260,"San Diego, CA"
8,2022-09-11,,5819976.4,40917,39203,6649,"San Diego, CA"
8,2022-09-18,,5856954.95,40917,36777,6286,"San Diego, CA"
8,2022-09-25,,5416075.56,40917,37387,5907,"San Diego, CA"
8,2022-10-02,,5628738.43,40917,37146,6100,"San Diego, CA"
8,2022-10-09,Columbus Day,6092449.02,40917,39033,6935,"San Diego, CA"
8,2022-10-16,,5785828.72,40917,36327,6139,"San Diego, CA"
8,2022-10-23,,5854933.98,40917,38370,6541,"San Diego, CA"
8,2022-10-30,,5815297.32,40917,39104,6626,"San Diego, CA"
8,2022-11-06,Veterans Day,6490864.38,40917,39539,7484,"San Diego, CA"
8,2022-11-13,,6380772.86,40917,37503,6982,"San Diego, CA"
8,2022-11-20,"Thanksgiving Day, Black Friday",8999256.28,40917,39328,10314,"San Diego, CA"
8,2022-11-27,Cyber Monday,8831852.12,40917,36621,9433,"San Diego, CA"
8,2022-12-04,,6669368.51,40917,39424,7670,"San Diego, CA"
8,2022-12-11,,7483431.41,40917,36685,8010,"San Diego, CA"
8,2022-12-18,,8544056.85,40917,37713,9402,"San Diego, CA"
8,2022-12-25,Christmas Day,10581487.63,40917,39236,12108,"San Diego, CA"
8,2023-01-01,New Year's Day,5415105.43,40917,36771,5806,"San Diego, CA"
8,2023-01-08,,7784019.793616354,40917,37073,6611,"San Diego, CA"
8,2023-01-15,Martin Luther King Jr. Day,7094390.282972081,40917,38950,6441,"San Diego, CA"
8,2023-01-22,,6610023.3678799,40917,38942,6541,"San Diego, CA"
8,2023-01-29,,6024450.444889864,40917,38641,6170,"San Diego, CA"
8,2023-02-05,,7663890.921280902,40917,38843,7484,"San Diego, CA"
8,2023-02-12,,7783239.751478356,40917,38266,7778,"San Diego, CA"
8,2023-02-19,Presidents' Day,9356521.13506703,40917,37159,8088,"San Diego, CA"
8,2023-02-26,,7681791.2639077725,40917,37517,7028,"San Diego, CA"
8,2023-03-05,,7765833.503815916,40917,36891,7051,"San Diego, CA"
8,2023-03-12,,7133776.965892704,40917,39660,7291,"San Diego, CA"
8,2023-03-19,,6983710.49600536,40917,38421,7044,"San Diego, CA"
8,2023-03-26,,6650785.604394619,40917,37727,6379,"San Diego, CA"
8,2023-04-02,,6784549.622677498,40917,37960,6812,"San Diego, CA"
8,2023-04-09,,7494240.444659972,40917,39808,7716,"San Diego, CA"
8,2023-04-16,,7610409.963982433,40917,36784,6827,"San Diego, CA"
8,2023-04-23,,7586717.474806105,40917,38432,7353,"San Diego, CA"
8,2023-04-30,,6890600.964905025,40917,38126,6649,"San Diego, CA"
8,2023-05-07,,8321432.9116435945,40917,38528,7399,"San Diego, CA"
8,2023-05-14,,7010492.2747325655,40917,36268,6634,"San Diego, CA"
8,2023-05-21,,6776302.702489784,40917,39521,6742,"San Diego, CA"
8,2023-05-28,Memorial Day,7332128.317437302,40917,39750,6959,"San Diego, CA"
8,2023-06-04,,7423438.700312942,40917,38352,7276,"San Diego, CA"
8,2023-06-11,,8011385.946022389,40917,38853,7113,"San Diego, CA"
8,2023-06-18,,7321401.304728672,40917,39713,7477,"San Diego, CA"
8,2023-06-25,,6791089.71138286,40917,38893,6866,"San Diego, CA"
8,2023-07-02,Independence Day,7834850.003309119,40917,36781,6642,"San Diego, CA"
8,2023-07-09,,7166173.101724788,40917,38394,6750,"San Diego, CA"
8,2023-07-16,,6583673.015268937,40917,38510,6680,"San Diego, CA"
8,2023-07-23,,6862976.374622287,40917,37815,6410,"San Diego, CA"
8,2023-07-30,,7297276.3574737385,40917,39004,6425,"San Diego, CA"
8,2023-08-06,,7734337.455773405,40917,39759,7245,"San Diego, CA"
8,2023-08-13,,6754403.397835746,40917,39725,6943,"San Diego, CA"
8,2023-08-20,,7970017.555072577,40917,37917,6928,"San Diego, CA"
8,2023-08-27,,7869142.415279311,40917,36631,6827,"San Diego, CA"
8,2023-09-03,Labor Day,7165441.789038379,40917,39951,7268,"San Diego, CA"
8,2023-09-10,,7221136.331573135,40917,39395,6812,"San Diego, CA"
8,2023-09-17,,6806269.051504115,40917,36674,6526,"San Diego, CA"
8,2023-09-24,,6390121.3135538595,40917,39707,6533,"San Diego, CA"
8,2023-10-01,,7257981.380379516,40917,39513,6526,"San Diego, CA"
8,2023-10-08,Columbus Day,7905547.633959609,40917,38175,7245,"San Diego, CA"
8,2023-10-15,,6938172.951689088,40917,38451,6765,"San Diego, CA"
8,2023-10-22,,7697374.19128865,40917,37720,6974,"San Diego, CA"
8,2023-10-29,,7501573.952895082,40917,36408,6518,"San Diego, CA"
8,2023-11-05,Veterans Day,7420029.203685211,40917,37477,7260,"San Diego, CA"
8,2023-11-12,,8196430.926290656,40917,39257,7345,"San Diego, CA"
8,2023-11-19,"Thanksgiving Day, Black Friday",11541620.83267756,40917,36217,9595,"San Diego, CA"
8,2023-11-26,Cyber Monday,9886802.589328099,40917,37470,9456,"San Diego, CA"
8,2023-12-03,,7851894.785115805,40917,37716,7600,"San Diego, CA"
8,2023-12-10,,9280903.592599971,40917,38246,8204,"San Diego, CA"
8,2023-12-17,,9501603.375930212,40917,39703,9062,"San Diego, CA"
8,2023-12-24,Christmas Day,11638029.209710486,40917,37519,11204,"San Diego, CA"
8,2023-12-31,New Year's Day,7707346.729295304,40917,37521,6580,"San Diego, CA"
8,2024-01-07,,7685684.00038319,40917,39008,6935,"San Diego, CA"
8,2024-01-14,Martin Luther King Jr. Day,7392772.184846299,40917,37922,6340,"San Diego, CA"
8,2024-01-21,,6923032.02223571,40917,37055,6162,"San Diego, CA"
8,2024-01-28,,6619553.766552408,40917,37923,6031,"San Diego, CA"
9,2022-02-06,,3846538.85,40363,36240,3845,"Dallas, TX"
9,2022-02-13,Presidents' Day,3868742.36,40363,36373,3882,"Dallas, TX"
9,2022-02-20,,3579295.3,40363,37583,3701,"Dallas, TX"
9,2022-02-27,,3316412.89,40363,37285,3413,"Dallas, TX"
9,2022-03-06,,3551085.16,40363,39148,3824,"Dallas, TX"
9,2022-03-13,,3459020.6,40363,37072,3536,"Dallas, TX"
9,2022-03-20,,3400212.27,40363,37891,3543,"Dallas, TX"
9,2022-03-27,,3394625.92,40363,38086,3557,"Dallas, TX"
9,2022-04-03,,3816444.24,40363,35759,3759,"Dallas, TX"
9,2022-04-10,,3705690.17,40363,38203,3896,"Dallas, TX"
9,2022-04-17,,3400350.24,40363,36379,3413,"Dallas, TX"
9,2022-04-24,,3420784.99,40363,39322,3701,"Dallas, TX"
9,2022-05-01,,3442063.94,40363,36269,3442,"Dallas, TX"
9,2022-05-08,,3682900.27,40363,37269,3781,"Dallas, TX"
9,2022-05-15,,3449549.6,40363,36031,3428,"Dallas, TX"
9,2022-05-22,,3543924.58,40363,39456,3845,"Dallas, TX"
9,2022-05-29,Memorial Day,3907004.71,40363,37597,4047,"Dallas, TX"
9,2022-06-05,,4102430.22,40363,37947,4285,"Dallas, TX"
9,2022-06-12,,3659009.76,40363,35962,3629,"Dallas, TX"
9,2022-06-19,,3591517.09,40363,38528,3802,"Dallas, TX"
9,2022-06-26,,3564842.96,40363,36499,3586,"Dallas, TX"
9,2022-07-03,Independence Day,3701827.78,40363,39085,3982,"Dallas, TX"
9,2022-07-10,,3397724.05,40363,36481,3413,"Dallas, TX"
9,2022-07-17,,3318213.57,40363,36427,3334,"Dallas, TX"
9,2022-07-24,,3238735.5,40363,35847,3197,"Dallas, TX"
9,2022-07-31,,3280726.33,40363,37485,3392,"Dallas, TX"
9,2022-08-07,,3659708.15,40363,37832,3809,"Dallas, TX"
9,2022-08-14,,3373285.86,40363,35957,3341,"Dallas, TX"
9,2022-08-21,,3495277.66,40363,38624,3709,"Dallas, TX"
9,2022-08-28,,3547527.62,40363,37414,3658,"Dallas, TX"
9,2022-09-04,Labor Day,3577343.42,40363,37680,3709,"Dallas, TX"
9,2022-09-11,,3393846.4,40363,37367,3500,"Dallas, TX"
9,2022-09-18,,3244140.13,40363,37216,3327,"Dallas, TX"
9,2022-09-25,,3170336.54,40363,37813,3298,"Dallas, TX"
9,2022-10-02,,3469845.33,40363,36294,3471,"Dallas, TX"
9,2022-10-09,Columbus Day,3535484.47,40363,36394,3543,"Dallas, TX"
9,2022-10-16,,3183387.76,40363,38948,3413,"Dallas, TX"
9,2022-10-23,,3264259.32,40363,39265,3521,"Dallas, TX"
9,2022-10-30,,3561611.27,40363,37113,3644,"Dallas, TX"
9,2022-11-06,Veterans Day,3625089.79,40363,36728,3673,"Dallas, TX"
9,2022-11-13,,3645926.76,40363,38130,3824,"Dallas, TX"
9,2022-11-20,"Thanksgiving Day, Black Friday",5738763.1,40363,37246,5891,"Dallas, TX"
9,2022-11-27,Cyber Monday,5376493.71,40363,35805,5308,"Dallas, TX"
9,2022-12-04,,4047153.74,40363,36297,4047,"Dallas, TX"
9,2022-12-11,,4326852.74,40363,38400,4573,"Dallas, TX"
9,2022-12-18,,4796702.4,40363,38186,5034,"Dallas, TX"
9,2022-12-25,Christmas Day,6113432.85,40363,35812,6035,"Dallas, TX"
9,2023-01-01,New Year's Day,3218395.95,40363,36544,3248,"Dallas, TX"
9,2023-01-08,,4126835.5600672415,40363,36579,3464,"Dallas, TX"
9,2023-01-15,Martin Luther King Jr. Day,3538743.136758619,40363,38235,3370,"Dallas, TX"
9,2023-01-22,,3684517.6593867512,40363,35784,3140,"Dallas, TX"
9,2023-01-29,,4176232.7014560946,40363,36101,3226,"Dallas, TX"
9,2023-02-05,,4725520.884374604,40363,38716,4062,"Dallas, TX"
9,2023-02-12,,4632602.031797173,40363,36381,3903,"Dallas, TX"
9,2023-02-19,Presidents' Day,5049221.889757605,40363,38163,4494,"Dallas, TX"
9,2023-02-26,,4551724.002628437,40363,36605,3622,"Dallas, TX"
9,2023-03-05,,4366591.959761847,40363,36084,3773,"Dallas, TX"
9,2023-03-12,,4651006.485767471,40363,36624,3658,"Dallas, TX"
9,2023-03-19,,4460075.231164088,40363,38424,3809,"Dallas, TX"
9,2023-03-26,,4133395.3716865643,40363,38926,3723,"Dallas, TX"
9,2023-04-02,,4595711.388190139,40363,38830,3896,"Dallas, TX"
9,2023-04-09,,4943398.701661696,40363,37203,4033,"Dallas, TX"
9,2023-04-16,,4552579.6675012605,40363,38220,3889,"Dallas, TX"
9,2023-04-23,,4867425.41081918,40363,36481,3867,"Dallas, TX"
9,2023-04-30,,4305373.755829285,40363,36812,3773,"Dallas, TX"
9,2023-05-07,,4212951.951899525,40363,39078,4105,"Dallas, TX"
9,2023-05-14,,4756626.109382221,40363,35759,3716,"Dallas, TX"
9,2023-05-21,,4015114.081957968,40363,36031,3601,"Dallas, TX"
9,2023-05-28,Memorial Day,4735795.521661492,40363,36491,3896,"Dallas, TX"
9,2023-06-04,,5266245.234962141,40363,35810,4062,"Dallas, TX"
9,2023-06-11,,4261311.942654315,40363,36392,3860,"Dallas, TX"
9,2023-06-18,,4489534.367730245,40363,37901,4076,"Dallas, TX"
9,2023-06-25,,4642001.69264221,40363,37294,3874,"Dallas, TX"
9,2023-07-02,Independence Day,4171116.92354161,40363,39065,4040,"Dallas, TX"
9,2023-07-09,,4565678.4787144195,40363,38782,4004,"Dallas, TX"
9,2023-07-16,,4203813.090906986,40363,36995,3658,"Dallas, TX"
9,2023-07-23,,4330974.401083812,40363,36685,3478,"Dallas, TX"
9,2023-07-30,,4266202.563600098,40363,37137,3377,"Dallas, TX"
9,2023-08-06,,4732610.438417186,40363,37928,4054,"Dallas, TX"
9,2023-08-13,,4356217.596205236,40363,36718,3680,"Dallas, TX"
9,2023-08-20,,4474901.716549248,40363,38055,3961,"Dallas, TX"
9,2023-08-27,,4546066.232301553,40363,37249,3903,"Dallas, TX"
9,2023-09-03,Labor Day,4785419.557734725,40363,37784,3961,"Dallas, TX"
9,2023-09-10,,4504215.299313768,40363,37349,3809,"Dallas, TX"
9,2023-09-17,,4050968.348813665,40363,36817,3550,"Dallas, TX"
9,2023-09-24,,4095505.6999781304,40363,39274,3831,"Dallas, TX"
9,2023-10-01,,4329993.684285936,40363,38579,3781,"Dallas, TX"
9,2023-10-08,Columbus Day,4370050.517227254,40363,36237,3867,"Dallas, TX"
9,2023-10-15,,4431731.24070741,40363,38974,3975,"Dallas, TX"
9,2023-10-22,,4498310.115703821,40363,37542,4033,"Dallas, TX"
9,2023-10-29,,4947418.493673548,40363,39072,4126,"Dallas, TX"
9,2023-11-05,Veterans Day,4994599.363411356,40363,38716,4458,"Dallas, TX"
9,2023-11-12,,4883037.045874629,40363,37308,4278,"Dallas, TX"
9,2023-11-19,"Thanksgiving Day, Black Friday",6775196.613660777,40363,35795,5812,"Dallas, TX"
9,2023-11-26,Cyber Monday,7228262.265369779,40363,36720,5776,"Dallas, TX"
9,2023-12-03,,4762753.211831039,40363,37745,4458,"Dallas, TX"
9,2023-12-10,,5076521.228799119,40363,38090,4623,"Dallas, TX"
9,2023-12-17,,6381253.046950789,40363,36679,4991,"Dallas, TX"
9,2023-12-24,Christmas Day,7447882.038910346,40363,36234,6330,"Dallas, TX"
9,2023-12-31,New Year's Day,4758292.761315526,40363,38847,4112,"Dallas, TX"
9,2024-01-07,,4687912.027939402,40363,39409,3946,"Dallas, TX"
9,2024-01-14,Martin Luther King Jr. Day,4293579.4804903725,40363,37685,3449,"Dallas, TX"
9,2024-01-21,,3796843.905066542,40363,36355,3370,"Dallas, TX"
9,2024-01-28,,3851056.560326089,40363,36734,3413,"Dallas, TX"
